-- Username: admin1@test.com, Password: admin01
INSERT INTO qwerty.app_user (email, pass, role, name, dob, gender) VALUES ('admin1@test.com', '$2y$12$xT.zKSUW69yMuKT5oV.BL.dumTRndnEksLbkRQ2Gn.6/j2YvOShM.', 'ROLE_ADMIN', 'admin1', '2005-05-02', '1');

-- Username: admin2@test.com, Password: admin02
INSERT INTO qwerty.app_user (email, pass, role, name, dob, gender) VALUES ('admin2@test.com', '$2y$12$fQ/wnljrr9c/.N4EEr5eeOf0yFEn1OxawCZHI0vxhnDZ.2keDwEpy', 'ROLE_ADMIN', 'admin2', '2009-06-27', '0');

-- Username: patient1@test.com, Password: patient01
INSERT INTO qwerty.app_user (email, pass, role, name, dob, gender) VALUES ('patient1@test.com', '$2y$12$8YL9bJU/dqWCx9oTpVZRMewNPL6tj3.dw7SaPNFrSkSi1eC9gi4R6', 'ROLE_PATIENT', 'patient1', '1967-01-02', '1');

-- Username: patient2@test.com, Password: patient02
INSERT INTO qwerty.app_user (email, pass, role, name, dob, gender) VALUES ('patient2@test.com', '$2y$12$hNkcTjlZyHtyCqBazIQyGOKsMtdTrHhNm9Zy9OJdnbki17opZdaIC', 'ROLE_PATIENT', 'patient2', '1956-09-11', '0');

-- Username: patient3@test.com, Password: patient03
INSERT INTO qwerty.app_user (email, pass, role, name, dob, gender) VALUES ('patient3@test.com', '$2y$12$ZWgWoICtqhkoGqSGcTj4gOMomi5s689.9hMeeY7.Gbww4lN1Ht4Gu', 'ROLE_PATIENT', 'patient3', '1967-05-21', '1');

-- Username: patient4@test.com, Password: patient04
INSERT INTO qwerty.app_user (email, pass, role, name, dob, gender) VALUES ('patient4@test.com', '$2y$12$4gsjlSwEwSJYv.r4XSoip.0Fjjkmu0X.GNqPxM9gCvCOcUsNKknO.', 'ROLE_PATIENT', 'patient4', '1956-12-30', '0');

-- Username: patient5@test.com, Password: patient05
INSERT INTO qwerty.app_user (email, pass, role, name, dob, gender) VALUES ('patient5@test.com', '$2y$12$4skdMkTGYNRtqNWrk4sUPeG1cYo5ez8ug/kunqKm6OQgCaGI8JAX2', 'ROLE_PATIENT', 'patient5', '1965-09-11', '1');

-- Username: doctor1@test.com, Password: doctor01
INSERT INTO qwerty.app_user (email, pass, role, name, dob, gender) VALUES ('doctor1@test.com', '$2y$12$bz0DAPR/tl9g1RCM7Xcd1uRk22be4UUtcisBBmCuRSkbTBteP4/pW', 'ROLE_DOCTOR', 'doctor1', '1997-01-02', '1');

-- Username: doctor2@test.com, Password: doctor02
INSERT INTO qwerty.app_user (email, pass, role, name, dob, gender) VALUES ('doctor2@test.com', '$2y$12$oK0EgHJ5Ya.pIoAwy77kaeTFfec6OW0N/NyVPPQY40AfLvwNF36Oi', 'ROLE_DOCTOR', 'doctor2', '1984-09-11', '0');

-- Username: doctor3@test.com, Password: doctor03
INSERT INTO qwerty.app_user (email, pass, role, name, dob, gender) VALUES ('doctor3@test.com', '$2y$12$eRHfyJg7V2IzWnTZAUnH2urvys.XEdgbydaNxjqxG6ue0lZK8TBkO', 'ROLE_DOCTOR', 'doctor3', '1991-06-07', '1');

INSERT INTO qwerty.result (id, created_by, created_date, last_modified_by, last_modified_date, accuracy, time, node_num, user_id) VALUES (1, 'doctor1@test.com', '1987-05-11 18:15:47.155240', 'patient5@test.com', '1991-05-09 11:20:01.989045', 18, 142, 25, 'patient5@test.com');
INSERT INTO qwerty.result (id, created_by, created_date, last_modified_by, last_modified_date, accuracy, time, node_num, user_id) VALUES (2, 'doctor2@test.com', '2003-03-14 20:03:30.104979', 'patient2@test.com', '2003-09-16 10:23:11.074667', 22, 138, 25, 'patient2@test.com');
INSERT INTO qwerty.result (id, created_by, created_date, last_modified_by, last_modified_date, accuracy, time, node_num, user_id) VALUES (3, 'doctor1@test.com', '2019-02-06 14:11:15.656784', 'patient4@test.com', '2020-10-26 2:27:12.426461', 44, 116, 25, 'patient4@test.com');
INSERT INTO qwerty.result (id, created_by, created_date, last_modified_by, last_modified_date, accuracy, time, node_num, user_id) VALUES (4, 'doctor2@test.com', '1971-09-25 0:13:15.306691', 'patient1@test.com', '2003-11-23 21:08:58.605411', 12, 148, 25, 'patient1@test.com');
INSERT INTO qwerty.result (id, created_by, created_date, last_modified_by, last_modified_date, accuracy, time, node_num, user_id) VALUES (5, 'doctor3@test.com', '2019-05-25 5:19:14.159966', 'patient2@test.com', '2019-06-13 10:30:33.488091', 64, 96, 25, 'patient2@test.com');
INSERT INTO qwerty.result (id, created_by, created_date, last_modified_by, last_modified_date, accuracy, time, node_num, user_id) VALUES (6, 'doctor2@test.com', '1993-07-11 5:15:02.681626', 'patient5@test.com', '1999-12-04 11:01:49.739440', 39, 121, 25, 'patient5@test.com');
INSERT INTO qwerty.result (id, created_by, created_date, last_modified_by, last_modified_date, accuracy, time, node_num, user_id) VALUES (7, 'doctor2@test.com', '2007-11-13 2:24:00.023423', 'patient1@test.com', '2020-03-15 15:06:16.090975', 63, 97, 25, 'patient1@test.com');
INSERT INTO qwerty.result (id, created_by, created_date, last_modified_by, last_modified_date, accuracy, time, node_num, user_id) VALUES (8, 'doctor3@test.com', '2020-07-28 17:18:56.252815', 'patient3@test.com', '2020-10-17 17:04:06.968902', 25, 135, 25, 'patient3@test.com');
INSERT INTO qwerty.result (id, created_by, created_date, last_modified_by, last_modified_date, accuracy, time, node_num, user_id) VALUES (9, 'doctor2@test.com', '1982-12-02 14:06:06.964371', 'patient5@test.com', '1994-07-18 21:10:46.185672', 95, 65, 25, 'patient5@test.com');
INSERT INTO qwerty.result (id, created_by, created_date, last_modified_by, last_modified_date, accuracy, time, node_num, user_id) VALUES (10, 'doctor3@test.com', '1972-05-08 17:50:58.328617', 'patient4@test.com', '1995-10-31 9:42:10.491309', 85, 75, 25, 'patient4@test.com');
INSERT INTO qwerty.result (id, created_by, created_date, last_modified_by, last_modified_date, accuracy, time, node_num, user_id) VALUES (11, 'doctor3@test.com', '2007-05-07 18:37:12.372957', 'patient2@test.com', '2019-08-13 17:43:01.816104', 56, 104, 25, 'patient2@test.com');
INSERT INTO qwerty.result (id, created_by, created_date, last_modified_by, last_modified_date, accuracy, time, node_num, user_id) VALUES (12, 'doctor1@test.com', '2004-08-07 3:55:43.532874', 'patient4@test.com', '2006-05-25 20:09:31.813097', 94, 66, 25, 'patient4@test.com');
INSERT INTO qwerty.result (id, created_by, created_date, last_modified_by, last_modified_date, accuracy, time, node_num, user_id) VALUES (13, 'doctor2@test.com', '2001-12-09 16:52:52.212455', 'patient4@test.com', '2002-10-11 23:35:47.418776', 13, 147, 25, 'patient4@test.com');
INSERT INTO qwerty.result (id, created_by, created_date, last_modified_by, last_modified_date, accuracy, time, node_num, user_id) VALUES (14, 'doctor3@test.com', '2014-01-15 12:03:13.411449', 'patient5@test.com', '2015-04-08 23:34:11.421483', 60, 100, 25, 'patient5@test.com');
INSERT INTO qwerty.result (id, created_by, created_date, last_modified_by, last_modified_date, accuracy, time, node_num, user_id) VALUES (15, 'doctor1@test.com', '1985-10-19 8:15:06.557005', 'patient5@test.com', '2000-02-19 20:20:20.629492', 80, 80, 25, 'patient5@test.com');
INSERT INTO qwerty.result (id, created_by, created_date, last_modified_by, last_modified_date, accuracy, time, node_num, user_id) VALUES (16, 'doctor2@test.com', '2014-11-10 22:58:14.846718', 'patient4@test.com', '2018-05-11 0:08:13.268785', 44, 116, 25, 'patient4@test.com');
INSERT INTO qwerty.result (id, created_by, created_date, last_modified_by, last_modified_date, accuracy, time, node_num, user_id) VALUES (17, 'doctor3@test.com', '2005-04-18 4:55:53.926265', 'patient5@test.com', '2017-09-11 22:47:35.744541', 26, 134, 25, 'patient5@test.com');
INSERT INTO qwerty.result (id, created_by, created_date, last_modified_by, last_modified_date, accuracy, time, node_num, user_id) VALUES (18, 'doctor2@test.com', '2007-09-23 12:06:47.848386', 'patient3@test.com', '2010-06-05 11:38:17.529696', 82, 78, 25, 'patient3@test.com');
INSERT INTO qwerty.result (id, created_by, created_date, last_modified_by, last_modified_date, accuracy, time, node_num, user_id) VALUES (19, 'doctor2@test.com', '1970-02-09 14:57:49.488722', 'patient4@test.com', '1997-08-23 14:41:55.892957', 54, 106, 25, 'patient4@test.com');
INSERT INTO qwerty.result (id, created_by, created_date, last_modified_by, last_modified_date, accuracy, time, node_num, user_id) VALUES (20, 'doctor2@test.com', '1985-08-16 13:13:05.341305', 'patient5@test.com', '2008-04-03 4:20:19.737035', 13, 147, 25, 'patient5@test.com');
INSERT INTO qwerty.result (id, created_by, created_date, last_modified_by, last_modified_date, accuracy, time, node_num, user_id) VALUES (21, 'doctor1@test.com', '1972-03-17 16:09:17.008598', 'patient5@test.com', '2013-06-26 1:59:51.429506', 42, 118, 25, 'patient5@test.com');
INSERT INTO qwerty.result (id, created_by, created_date, last_modified_by, last_modified_date, accuracy, time, node_num, user_id) VALUES (22, 'doctor1@test.com', '1989-02-19 2:37:39.817398', 'patient4@test.com', '1997-02-23 14:59:42.900071', 11, 149, 25, 'patient4@test.com');
INSERT INTO qwerty.result (id, created_by, created_date, last_modified_by, last_modified_date, accuracy, time, node_num, user_id) VALUES (23, 'doctor2@test.com', '1981-05-25 12:39:25.666478', 'patient3@test.com', '1987-10-04 4:02:07.723354', 18, 142, 25, 'patient3@test.com');
INSERT INTO qwerty.result (id, created_by, created_date, last_modified_by, last_modified_date, accuracy, time, node_num, user_id) VALUES (24, 'doctor2@test.com', '2017-10-24 11:22:13.815624', 'patient3@test.com', '2018-12-01 0:34:02.027507', 68, 92, 25, 'patient3@test.com');
INSERT INTO qwerty.result (id, created_by, created_date, last_modified_by, last_modified_date, accuracy, time, node_num, user_id) VALUES (25, 'doctor2@test.com', '1982-10-18 6:04:58.784072', 'patient3@test.com', '1992-09-24 17:31:25.152740', 63, 97, 25, 'patient3@test.com');
INSERT INTO qwerty.result (id, created_by, created_date, last_modified_by, last_modified_date, accuracy, time, node_num, user_id) VALUES (26, 'doctor1@test.com', '1971-06-02 9:32:08.047894', 'patient5@test.com', '1982-08-24 0:50:52.170429', 65, 95, 25, 'patient5@test.com');
INSERT INTO qwerty.result (id, created_by, created_date, last_modified_by, last_modified_date, accuracy, time, node_num, user_id) VALUES (27, 'doctor1@test.com', '2016-02-25 19:58:25.959748', 'patient4@test.com', '2018-04-29 23:26:50.739883', 74, 86, 25, 'patient4@test.com');
INSERT INTO qwerty.result (id, created_by, created_date, last_modified_by, last_modified_date, accuracy, time, node_num, user_id) VALUES (28, 'doctor3@test.com', '1985-03-10 0:44:12.503912', 'patient5@test.com', '2004-01-29 16:11:51.582698', 67, 93, 25, 'patient5@test.com');
INSERT INTO qwerty.result (id, created_by, created_date, last_modified_by, last_modified_date, accuracy, time, node_num, user_id) VALUES (29, 'doctor2@test.com', '2020-03-08 23:13:46.845997', 'patient4@test.com', '2020-07-01 21:00:46.158702', 17, 143, 25, 'patient4@test.com');
INSERT INTO qwerty.result (id, created_by, created_date, last_modified_by, last_modified_date, accuracy, time, node_num, user_id) VALUES (30, 'doctor2@test.com', '1991-02-14 7:08:56.815216', 'patient1@test.com', '2018-10-01 3:47:49.118482', 19, 141, 25, 'patient1@test.com');
INSERT INTO qwerty.result (id, created_by, created_date, last_modified_by, last_modified_date, accuracy, time, node_num, user_id) VALUES (31, 'doctor3@test.com', '1970-07-30 20:24:45.503507', 'patient3@test.com', '1998-12-27 14:10:26.455119', 26, 134, 25, 'patient3@test.com');
INSERT INTO qwerty.result (id, created_by, created_date, last_modified_by, last_modified_date, accuracy, time, node_num, user_id) VALUES (32, 'doctor1@test.com', '1981-09-03 20:52:38.187372', 'patient5@test.com', '2014-06-08 18:43:13.492079', 68, 92, 25, 'patient5@test.com');
INSERT INTO qwerty.result (id, created_by, created_date, last_modified_by, last_modified_date, accuracy, time, node_num, user_id) VALUES (33, 'doctor3@test.com', '1995-09-21 2:22:35.791344', 'patient5@test.com', '2000-11-01 13:45:40.265541', 14, 146, 25, 'patient5@test.com');
INSERT INTO qwerty.result (id, created_by, created_date, last_modified_by, last_modified_date, accuracy, time, node_num, user_id) VALUES (34, 'doctor2@test.com', '2003-07-04 15:58:58.730443', 'patient5@test.com', '2005-05-10 7:06:20.678954', 34, 126, 25, 'patient5@test.com');
INSERT INTO qwerty.result (id, created_by, created_date, last_modified_by, last_modified_date, accuracy, time, node_num, user_id) VALUES (35, 'doctor2@test.com', '2011-08-28 21:35:32.202496', 'patient1@test.com', '2020-01-06 0:26:03.233787', 51, 109, 25, 'patient1@test.com');
INSERT INTO qwerty.result (id, created_by, created_date, last_modified_by, last_modified_date, accuracy, time, node_num, user_id) VALUES (36, 'doctor1@test.com', '1979-03-14 5:06:45.774407', 'patient3@test.com', '1993-06-15 16:11:12.918024', 82, 78, 25, 'patient3@test.com');
INSERT INTO qwerty.result (id, created_by, created_date, last_modified_by, last_modified_date, accuracy, time, node_num, user_id) VALUES (37, 'doctor2@test.com', '2016-10-04 18:25:50.982204', 'patient5@test.com', '2019-02-26 12:46:49.763869', 54, 106, 25, 'patient5@test.com');
INSERT INTO qwerty.result (id, created_by, created_date, last_modified_by, last_modified_date, accuracy, time, node_num, user_id) VALUES (38, 'doctor1@test.com', '1979-01-20 21:51:49.344495', 'patient1@test.com', '1986-03-19 5:06:40.452047', 20, 140, 25, 'patient1@test.com');
INSERT INTO qwerty.result (id, created_by, created_date, last_modified_by, last_modified_date, accuracy, time, node_num, user_id) VALUES (39, 'doctor2@test.com', '1987-05-17 8:10:00.644304', 'patient5@test.com', '1999-11-04 6:59:21.000832', 74, 86, 25, 'patient5@test.com');
INSERT INTO qwerty.result (id, created_by, created_date, last_modified_by, last_modified_date, accuracy, time, node_num, user_id) VALUES (40, 'doctor3@test.com', '2009-06-19 2:30:09.359828', 'patient4@test.com', '2015-12-16 0:56:21.505799', 27, 133, 25, 'patient4@test.com');

INSERT INTO qwerty.result (id, created_by, created_date, last_modified_by, last_modified_date, accuracy, time, node_num, user_id) VALUES (41, 'doctor1@test.com', '1987-05-11 18:15:47.155240', 'patient5@test.com', '1991-05-09 11:20:01.989045', 18, 132, 20, 'patient5@test.com');
INSERT INTO qwerty.result (id, created_by, created_date, last_modified_by, last_modified_date, accuracy, time, node_num, user_id) VALUES (42, 'doctor2@test.com', '2003-03-14 20:03:30.104979', 'patient2@test.com', '2003-09-16 10:23:11.074667', 22, 128, 20, 'patient2@test.com');
INSERT INTO qwerty.result (id, created_by, created_date, last_modified_by, last_modified_date, accuracy, time, node_num, user_id) VALUES (43, 'doctor1@test.com', '2019-02-06 14:11:15.656784', 'patient4@test.com', '2020-10-26 2:27:12.426461', 44, 106, 20, 'patient4@test.com');
INSERT INTO qwerty.result (id, created_by, created_date, last_modified_by, last_modified_date, accuracy, time, node_num, user_id) VALUES (44, 'doctor2@test.com', '1971-09-25 0:13:15.306691', 'patient1@test.com', '2003-11-23 21:08:58.605411', 12, 138, 20, 'patient1@test.com');
INSERT INTO qwerty.result (id, created_by, created_date, last_modified_by, last_modified_date, accuracy, time, node_num, user_id) VALUES (45, 'doctor3@test.com', '2019-05-25 5:19:14.159966', 'patient2@test.com', '2019-06-13 10:30:33.488091', 64, 86, 20, 'patient2@test.com');
INSERT INTO qwerty.result (id, created_by, created_date, last_modified_by, last_modified_date, accuracy, time, node_num, user_id) VALUES (46, 'doctor2@test.com', '1993-07-11 5:15:02.681626', 'patient5@test.com', '1999-12-04 11:01:49.739440', 39, 111, 20, 'patient5@test.com');
INSERT INTO qwerty.result (id, created_by, created_date, last_modified_by, last_modified_date, accuracy, time, node_num, user_id) VALUES (47, 'doctor2@test.com', '2007-11-13 2:24:00.023423', 'patient1@test.com', '2020-03-15 15:06:16.090975', 63, 87, 20, 'patient1@test.com');
INSERT INTO qwerty.result (id, created_by, created_date, last_modified_by, last_modified_date, accuracy, time, node_num, user_id) VALUES (48, 'doctor3@test.com', '2020-07-28 17:18:56.252815', 'patient3@test.com', '2020-10-17 17:04:06.968902', 25, 125, 20, 'patient3@test.com');
INSERT INTO qwerty.result (id, created_by, created_date, last_modified_by, last_modified_date, accuracy, time, node_num, user_id) VALUES (49, 'doctor2@test.com', '1982-12-02 14:06:06.964371', 'patient5@test.com', '1994-07-18 21:10:46.185672', 95, 55, 20, 'patient5@test.com');
INSERT INTO qwerty.result (id, created_by, created_date, last_modified_by, last_modified_date, accuracy, time, node_num, user_id) VALUES (50, 'doctor3@test.com', '1972-05-08 17:50:58.328617', 'patient4@test.com', '1995-10-31 9:42:10.491309', 85, 65, 20, 'patient4@test.com');
INSERT INTO qwerty.result (id, created_by, created_date, last_modified_by, last_modified_date, accuracy, time, node_num, user_id) VALUES (51, 'doctor3@test.com', '2007-05-07 18:37:12.372957', 'patient2@test.com', '2019-08-13 17:43:01.816104', 56, 94, 20, 'patient2@test.com');
INSERT INTO qwerty.result (id, created_by, created_date, last_modified_by, last_modified_date, accuracy, time, node_num, user_id) VALUES (52, 'doctor1@test.com', '2004-08-07 3:55:43.532874', 'patient4@test.com', '2006-05-25 20:09:31.813097', 94, 56, 20, 'patient4@test.com');
INSERT INTO qwerty.result (id, created_by, created_date, last_modified_by, last_modified_date, accuracy, time, node_num, user_id) VALUES (53, 'doctor2@test.com', '2001-12-09 16:52:52.212455', 'patient4@test.com', '2002-10-11 23:35:47.418776', 13, 137, 20, 'patient4@test.com');
INSERT INTO qwerty.result (id, created_by, created_date, last_modified_by, last_modified_date, accuracy, time, node_num, user_id) VALUES (54, 'doctor3@test.com', '2014-01-15 12:03:13.411449', 'patient5@test.com', '2015-04-08 23:34:11.421483', 60, 90, 20, 'patient5@test.com');
INSERT INTO qwerty.result (id, created_by, created_date, last_modified_by, last_modified_date, accuracy, time, node_num, user_id) VALUES (55, 'doctor1@test.com', '1985-10-19 8:15:06.557005', 'patient5@test.com', '2000-02-19 20:20:20.629492', 80, 70, 20, 'patient5@test.com');
INSERT INTO qwerty.result (id, created_by, created_date, last_modified_by, last_modified_date, accuracy, time, node_num, user_id) VALUES (56, 'doctor2@test.com', '2014-11-10 22:58:14.846718', 'patient4@test.com', '2018-05-11 0:08:13.268785', 44, 106, 20, 'patient4@test.com');
INSERT INTO qwerty.result (id, created_by, created_date, last_modified_by, last_modified_date, accuracy, time, node_num, user_id) VALUES (57, 'doctor3@test.com', '2005-04-18 4:55:53.926265', 'patient5@test.com', '2017-09-11 22:47:35.744541', 26, 124, 20, 'patient5@test.com');
INSERT INTO qwerty.result (id, created_by, created_date, last_modified_by, last_modified_date, accuracy, time, node_num, user_id) VALUES (58, 'doctor2@test.com', '2007-09-23 12:06:47.848386', 'patient3@test.com', '2010-06-05 11:38:17.529696', 82, 68, 20, 'patient3@test.com');
INSERT INTO qwerty.result (id, created_by, created_date, last_modified_by, last_modified_date, accuracy, time, node_num, user_id) VALUES (59, 'doctor2@test.com', '1970-02-09 14:57:49.488722', 'patient4@test.com', '1997-08-23 14:41:55.892957', 54, 96, 20, 'patient4@test.com');
INSERT INTO qwerty.result (id, created_by, created_date, last_modified_by, last_modified_date, accuracy, time, node_num, user_id) VALUES (60, 'doctor2@test.com', '1985-08-16 13:13:05.341305', 'patient5@test.com', '2008-04-03 4:20:19.737035', 13, 137, 20, 'patient5@test.com');
INSERT INTO qwerty.result (id, created_by, created_date, last_modified_by, last_modified_date, accuracy, time, node_num, user_id) VALUES (61, 'doctor1@test.com', '1972-03-17 16:09:17.008598', 'patient5@test.com', '2013-06-26 1:59:51.429506', 42, 108, 20, 'patient5@test.com');
INSERT INTO qwerty.result (id, created_by, created_date, last_modified_by, last_modified_date, accuracy, time, node_num, user_id) VALUES (62, 'doctor1@test.com', '1989-02-19 2:37:39.817398', 'patient4@test.com', '1997-02-23 14:59:42.900071', 11, 139, 20, 'patient4@test.com');
INSERT INTO qwerty.result (id, created_by, created_date, last_modified_by, last_modified_date, accuracy, time, node_num, user_id) VALUES (63, 'doctor2@test.com', '1981-05-25 12:39:25.666478', 'patient3@test.com', '1987-10-04 4:02:07.723354', 18, 132, 20, 'patient3@test.com');
INSERT INTO qwerty.result (id, created_by, created_date, last_modified_by, last_modified_date, accuracy, time, node_num, user_id) VALUES (64, 'doctor2@test.com', '2017-10-24 11:22:13.815624', 'patient3@test.com', '2018-12-01 0:34:02.027507', 68, 82, 20, 'patient3@test.com');
INSERT INTO qwerty.result (id, created_by, created_date, last_modified_by, last_modified_date, accuracy, time, node_num, user_id) VALUES (65, 'doctor2@test.com', '1982-10-18 6:04:58.784072', 'patient3@test.com', '1992-09-24 17:31:25.152740', 63, 87, 20, 'patient3@test.com');
INSERT INTO qwerty.result (id, created_by, created_date, last_modified_by, last_modified_date, accuracy, time, node_num, user_id) VALUES (66, 'doctor1@test.com', '1971-06-02 9:32:08.047894', 'patient5@test.com', '1982-08-24 0:50:52.170429', 65, 85, 20, 'patient5@test.com');
INSERT INTO qwerty.result (id, created_by, created_date, last_modified_by, last_modified_date, accuracy, time, node_num, user_id) VALUES (67, 'doctor1@test.com', '2016-02-25 19:58:25.959748', 'patient4@test.com', '2018-04-29 23:26:50.739883', 74, 76, 20, 'patient4@test.com');
INSERT INTO qwerty.result (id, created_by, created_date, last_modified_by, last_modified_date, accuracy, time, node_num, user_id) VALUES (68, 'doctor3@test.com', '1985-03-10 0:44:12.503912', 'patient5@test.com', '2004-01-29 16:11:51.582698', 67, 83, 20, 'patient5@test.com');
INSERT INTO qwerty.result (id, created_by, created_date, last_modified_by, last_modified_date, accuracy, time, node_num, user_id) VALUES (69, 'doctor2@test.com', '2020-03-08 23:13:46.845997', 'patient4@test.com', '2020-07-01 21:00:46.158702', 17, 133, 20, 'patient4@test.com');
INSERT INTO qwerty.result (id, created_by, created_date, last_modified_by, last_modified_date, accuracy, time, node_num, user_id) VALUES (70, 'doctor2@test.com', '1991-02-14 7:08:56.815216', 'patient1@test.com', '2018-10-01 3:47:49.118482', 19, 131, 20, 'patient1@test.com');
INSERT INTO qwerty.result (id, created_by, created_date, last_modified_by, last_modified_date, accuracy, time, node_num, user_id) VALUES (71, 'doctor3@test.com', '1970-07-30 20:24:45.503507', 'patient3@test.com', '1998-12-27 14:10:26.455119', 26, 124, 20, 'patient3@test.com');
INSERT INTO qwerty.result (id, created_by, created_date, last_modified_by, last_modified_date, accuracy, time, node_num, user_id) VALUES (72, 'doctor1@test.com', '1981-09-03 20:52:38.187372', 'patient5@test.com', '2014-06-08 18:43:13.492079', 68, 82, 20, 'patient5@test.com');
INSERT INTO qwerty.result (id, created_by, created_date, last_modified_by, last_modified_date, accuracy, time, node_num, user_id) VALUES (73, 'doctor3@test.com', '1995-09-21 2:22:35.791344', 'patient5@test.com', '2000-11-01 13:45:40.265541', 14, 136, 20, 'patient5@test.com');
INSERT INTO qwerty.result (id, created_by, created_date, last_modified_by, last_modified_date, accuracy, time, node_num, user_id) VALUES (74, 'doctor2@test.com', '2003-07-04 15:58:58.730443', 'patient5@test.com', '2005-05-10 7:06:20.678954', 34, 116, 20, 'patient5@test.com');
INSERT INTO qwerty.result (id, created_by, created_date, last_modified_by, last_modified_date, accuracy, time, node_num, user_id) VALUES (75, 'doctor2@test.com', '2011-08-28 21:35:32.202496', 'patient1@test.com', '2020-01-06 0:26:03.233787', 51, 99, 20, 'patient1@test.com');
INSERT INTO qwerty.result (id, created_by, created_date, last_modified_by, last_modified_date, accuracy, time, node_num, user_id) VALUES (76, 'doctor1@test.com', '1979-03-14 5:06:45.774407', 'patient3@test.com', '1993-06-15 16:11:12.918024', 82, 68, 20, 'patient3@test.com');
INSERT INTO qwerty.result (id, created_by, created_date, last_modified_by, last_modified_date, accuracy, time, node_num, user_id) VALUES (77, 'doctor2@test.com', '2016-10-04 18:25:50.982204', 'patient5@test.com', '2019-02-26 12:46:49.763869', 54, 96, 20, 'patient5@test.com');
INSERT INTO qwerty.result (id, created_by, created_date, last_modified_by, last_modified_date, accuracy, time, node_num, user_id) VALUES (78, 'doctor1@test.com', '1979-01-20 21:51:49.344495', 'patient1@test.com', '1986-03-19 5:06:40.452047', 20, 130, 20, 'patient1@test.com');
INSERT INTO qwerty.result (id, created_by, created_date, last_modified_by, last_modified_date, accuracy, time, node_num, user_id) VALUES (79, 'doctor2@test.com', '1987-05-17 8:10:00.644304', 'patient5@test.com', '1999-11-04 6:59:21.000832', 74, 76, 20, 'patient5@test.com');
INSERT INTO qwerty.result (id, created_by, created_date, last_modified_by, last_modified_date, accuracy, time, node_num, user_id) VALUES (80, 'doctor3@test.com', '2009-06-19 2:30:09.359828', 'patient4@test.com', '2015-12-16 0:56:21.505799', 27, 123, 20, 'patient4@test.com');

INSERT INTO qwerty.result (id, created_by, created_date, last_modified_by, last_modified_date, accuracy, time, node_num, user_id) VALUES (81, 'doctor1@test.com', '1987-05-11 18:15:47.155240', 'patient5@test.com', '1991-05-09 11:20:01.989045', 18, 122, 15, 'patient5@test.com');
INSERT INTO qwerty.result (id, created_by, created_date, last_modified_by, last_modified_date, accuracy, time, node_num, user_id) VALUES (82, 'doctor2@test.com', '2003-03-14 20:03:30.104979', 'patient2@test.com', '2003-09-16 10:23:11.074667', 22, 118, 15, 'patient2@test.com');
INSERT INTO qwerty.result (id, created_by, created_date, last_modified_by, last_modified_date, accuracy, time, node_num, user_id) VALUES (83, 'doctor1@test.com', '2019-02-06 14:11:15.656784', 'patient4@test.com', '2020-10-26 2:27:12.426461', 44, 96, 15, 'patient4@test.com');
INSERT INTO qwerty.result (id, created_by, created_date, last_modified_by, last_modified_date, accuracy, time, node_num, user_id) VALUES (84, 'doctor2@test.com', '1971-09-25 0:13:15.306691', 'patient1@test.com', '2003-11-23 21:08:58.605411', 12, 128, 15, 'patient1@test.com');
INSERT INTO qwerty.result (id, created_by, created_date, last_modified_by, last_modified_date, accuracy, time, node_num, user_id) VALUES (85, 'doctor3@test.com', '2019-05-25 5:19:14.159966', 'patient2@test.com', '2019-06-13 10:30:33.488091', 64, 76, 15, 'patient2@test.com');
INSERT INTO qwerty.result (id, created_by, created_date, last_modified_by, last_modified_date, accuracy, time, node_num, user_id) VALUES (86, 'doctor2@test.com', '1993-07-11 5:15:02.681626', 'patient5@test.com', '1999-12-04 11:01:49.739440', 39, 101, 15, 'patient5@test.com');
INSERT INTO qwerty.result (id, created_by, created_date, last_modified_by, last_modified_date, accuracy, time, node_num, user_id) VALUES (87, 'doctor2@test.com', '2007-11-13 2:24:00.023423', 'patient1@test.com', '2020-03-15 15:06:16.090975', 63, 77, 15, 'patient1@test.com');
INSERT INTO qwerty.result (id, created_by, created_date, last_modified_by, last_modified_date, accuracy, time, node_num, user_id) VALUES (88, 'doctor3@test.com', '2020-07-28 17:18:56.252815', 'patient3@test.com', '2020-10-17 17:04:06.968902', 25, 115, 15, 'patient3@test.com');
INSERT INTO qwerty.result (id, created_by, created_date, last_modified_by, last_modified_date, accuracy, time, node_num, user_id) VALUES (89, 'doctor2@test.com', '1982-12-02 14:06:06.964371', 'patient5@test.com', '1994-07-18 21:10:46.185672', 95, 45, 15, 'patient5@test.com');
INSERT INTO qwerty.result (id, created_by, created_date, last_modified_by, last_modified_date, accuracy, time, node_num, user_id) VALUES (90, 'doctor3@test.com', '1972-05-08 17:50:58.328617', 'patient4@test.com', '1995-10-31 9:42:10.491309', 85, 55, 15, 'patient4@test.com');
INSERT INTO qwerty.result (id, created_by, created_date, last_modified_by, last_modified_date, accuracy, time, node_num, user_id) VALUES (91, 'doctor3@test.com', '2007-05-07 18:37:12.372957', 'patient2@test.com', '2019-08-13 17:43:01.816104', 56, 84, 15, 'patient2@test.com');
INSERT INTO qwerty.result (id, created_by, created_date, last_modified_by, last_modified_date, accuracy, time, node_num, user_id) VALUES (92, 'doctor1@test.com', '2004-08-07 3:55:43.532874', 'patient4@test.com', '2006-05-25 20:09:31.813097', 94, 46, 15, 'patient4@test.com');
INSERT INTO qwerty.result (id, created_by, created_date, last_modified_by, last_modified_date, accuracy, time, node_num, user_id) VALUES (93, 'doctor2@test.com', '2001-12-09 16:52:52.212455', 'patient4@test.com', '2002-10-11 23:35:47.418776', 13, 127, 15, 'patient4@test.com');
INSERT INTO qwerty.result (id, created_by, created_date, last_modified_by, last_modified_date, accuracy, time, node_num, user_id) VALUES (94, 'doctor3@test.com', '2014-01-15 12:03:13.411449', 'patient5@test.com', '2015-04-08 23:34:11.421483', 60, 80, 15, 'patient5@test.com');
INSERT INTO qwerty.result (id, created_by, created_date, last_modified_by, last_modified_date, accuracy, time, node_num, user_id) VALUES (95, 'doctor1@test.com', '1985-10-19 8:15:06.557005', 'patient5@test.com', '2000-02-19 20:20:20.629492', 80, 60, 15, 'patient5@test.com');
INSERT INTO qwerty.result (id, created_by, created_date, last_modified_by, last_modified_date, accuracy, time, node_num, user_id) VALUES (96, 'doctor2@test.com', '2014-11-10 22:58:14.846718', 'patient4@test.com', '2018-05-11 0:08:13.268785', 44, 96, 15, 'patient4@test.com');
INSERT INTO qwerty.result (id, created_by, created_date, last_modified_by, last_modified_date, accuracy, time, node_num, user_id) VALUES (97, 'doctor3@test.com', '2005-04-18 4:55:53.926265', 'patient5@test.com', '2017-09-11 22:47:35.744541', 26, 114, 15, 'patient5@test.com');
INSERT INTO qwerty.result (id, created_by, created_date, last_modified_by, last_modified_date, accuracy, time, node_num, user_id) VALUES (98, 'doctor2@test.com', '2007-09-23 12:06:47.848386', 'patient3@test.com', '2010-06-05 11:38:17.529696', 82, 58, 15, 'patient3@test.com');
INSERT INTO qwerty.result (id, created_by, created_date, last_modified_by, last_modified_date, accuracy, time, node_num, user_id) VALUES (99, 'doctor2@test.com', '1970-02-09 14:57:49.488722', 'patient4@test.com', '1997-08-23 14:41:55.892957', 54, 86, 15, 'patient4@test.com');
INSERT INTO qwerty.result (id, created_by, created_date, last_modified_by, last_modified_date, accuracy, time, node_num, user_id) VALUES (100, 'doctor2@test.com', '1985-08-16 13:13:05.341305', 'patient5@test.com', '2008-04-03 4:20:19.737035', 13, 127, 15, 'patient5@test.com');
INSERT INTO qwerty.result (id, created_by, created_date, last_modified_by, last_modified_date, accuracy, time, node_num, user_id) VALUES (101, 'doctor1@test.com', '1972-03-17 16:09:17.008598', 'patient5@test.com', '2013-06-26 1:59:51.429506', 42, 98, 15, 'patient5@test.com');
INSERT INTO qwerty.result (id, created_by, created_date, last_modified_by, last_modified_date, accuracy, time, node_num, user_id) VALUES (102, 'doctor1@test.com', '1989-02-19 2:37:39.817398', 'patient4@test.com', '1997-02-23 14:59:42.900071', 11, 129, 15, 'patient4@test.com');
INSERT INTO qwerty.result (id, created_by, created_date, last_modified_by, last_modified_date, accuracy, time, node_num, user_id) VALUES (103, 'doctor2@test.com', '1981-05-25 12:39:25.666478', 'patient3@test.com', '1987-10-04 4:02:07.723354', 18, 122, 15, 'patient3@test.com');
INSERT INTO qwerty.result (id, created_by, created_date, last_modified_by, last_modified_date, accuracy, time, node_num, user_id) VALUES (104, 'doctor2@test.com', '2017-10-24 11:22:13.815624', 'patient3@test.com', '2018-12-01 0:34:02.027507', 68, 72, 15, 'patient3@test.com');
INSERT INTO qwerty.result (id, created_by, created_date, last_modified_by, last_modified_date, accuracy, time, node_num, user_id) VALUES (105, 'doctor2@test.com', '1982-10-18 6:04:58.784072', 'patient3@test.com', '1992-09-24 17:31:25.152740', 63, 77, 15, 'patient3@test.com');
INSERT INTO qwerty.result (id, created_by, created_date, last_modified_by, last_modified_date, accuracy, time, node_num, user_id) VALUES (106, 'doctor1@test.com', '1971-06-02 9:32:08.047894', 'patient5@test.com', '1982-08-24 0:50:52.170429', 65, 75, 15, 'patient5@test.com');
INSERT INTO qwerty.result (id, created_by, created_date, last_modified_by, last_modified_date, accuracy, time, node_num, user_id) VALUES (107, 'doctor1@test.com', '2016-02-25 19:58:25.959748', 'patient4@test.com', '2018-04-29 23:26:50.739883', 74, 66, 15, 'patient4@test.com');
INSERT INTO qwerty.result (id, created_by, created_date, last_modified_by, last_modified_date, accuracy, time, node_num, user_id) VALUES (108, 'doctor3@test.com', '1985-03-10 0:44:12.503912', 'patient5@test.com', '2004-01-29 16:11:51.582698', 67, 73, 15, 'patient5@test.com');
INSERT INTO qwerty.result (id, created_by, created_date, last_modified_by, last_modified_date, accuracy, time, node_num, user_id) VALUES (109, 'doctor2@test.com', '2020-03-08 23:13:46.845997', 'patient4@test.com', '2020-07-01 21:00:46.158702', 17, 123, 15, 'patient4@test.com');
INSERT INTO qwerty.result (id, created_by, created_date, last_modified_by, last_modified_date, accuracy, time, node_num, user_id) VALUES (110, 'doctor2@test.com', '1991-02-14 7:08:56.815216', 'patient1@test.com', '2018-10-01 3:47:49.118482', 19, 121, 15, 'patient1@test.com');
INSERT INTO qwerty.result (id, created_by, created_date, last_modified_by, last_modified_date, accuracy, time, node_num, user_id) VALUES (111, 'doctor3@test.com', '1970-07-30 20:24:45.503507', 'patient3@test.com', '1998-12-27 14:10:26.455119', 26, 114, 15, 'patient3@test.com');
INSERT INTO qwerty.result (id, created_by, created_date, last_modified_by, last_modified_date, accuracy, time, node_num, user_id) VALUES (112, 'doctor1@test.com', '1981-09-03 20:52:38.187372', 'patient5@test.com', '2014-06-08 18:43:13.492079', 68, 72, 15, 'patient5@test.com');
INSERT INTO qwerty.result (id, created_by, created_date, last_modified_by, last_modified_date, accuracy, time, node_num, user_id) VALUES (113, 'doctor3@test.com', '1995-09-21 2:22:35.791344', 'patient5@test.com', '2000-11-01 13:45:40.265541', 14, 126, 15, 'patient5@test.com');
INSERT INTO qwerty.result (id, created_by, created_date, last_modified_by, last_modified_date, accuracy, time, node_num, user_id) VALUES (114, 'doctor2@test.com', '2003-07-04 15:58:58.730443', 'patient5@test.com', '2005-05-10 7:06:20.678954', 34, 106, 15, 'patient5@test.com');
INSERT INTO qwerty.result (id, created_by, created_date, last_modified_by, last_modified_date, accuracy, time, node_num, user_id) VALUES (115, 'doctor2@test.com', '2011-08-28 21:35:32.202496', 'patient1@test.com', '2020-01-06 0:26:03.233787', 51, 89, 15, 'patient1@test.com');
INSERT INTO qwerty.result (id, created_by, created_date, last_modified_by, last_modified_date, accuracy, time, node_num, user_id) VALUES (116, 'doctor1@test.com', '1979-03-14 5:06:45.774407', 'patient3@test.com', '1993-06-15 16:11:12.918024', 82, 58, 15, 'patient3@test.com');
INSERT INTO qwerty.result (id, created_by, created_date, last_modified_by, last_modified_date, accuracy, time, node_num, user_id) VALUES (117, 'doctor2@test.com', '2016-10-04 18:25:50.982204', 'patient5@test.com', '2019-02-26 12:46:49.763869', 54, 86, 15, 'patient5@test.com');
INSERT INTO qwerty.result (id, created_by, created_date, last_modified_by, last_modified_date, accuracy, time, node_num, user_id) VALUES (118, 'doctor1@test.com', '1979-01-20 21:51:49.344495', 'patient1@test.com', '1986-03-19 5:06:40.452047', 20, 120, 15, 'patient1@test.com');
INSERT INTO qwerty.result (id, created_by, created_date, last_modified_by, last_modified_date, accuracy, time, node_num, user_id) VALUES (119, 'doctor2@test.com', '1987-05-17 8:10:00.644304', 'patient5@test.com', '1999-11-04 6:59:21.000832', 74, 66, 15, 'patient5@test.com');
INSERT INTO qwerty.result (id, created_by, created_date, last_modified_by, last_modified_date, accuracy, time, node_num, user_id) VALUES (120, 'doctor3@test.com', '2009-06-19 2:30:09.359828', 'patient4@test.com', '2015-12-16 0:56:21.505799', 27, 113, 15, 'patient4@test.com');

INSERT INTO qwerty.result (id, created_by, created_date, last_modified_by, last_modified_date, accuracy, time, node_num, user_id) VALUES (121, 'doctor1@test.com', '1987-05-11 18:15:47.155240', 'patient5@test.com', '1991-05-09 11:20:01.989045', 18, 112, 10, 'patient5@test.com');
INSERT INTO qwerty.result (id, created_by, created_date, last_modified_by, last_modified_date, accuracy, time, node_num, user_id) VALUES (122, 'doctor2@test.com', '2003-03-14 20:03:30.104979', 'patient2@test.com', '2003-09-16 10:23:11.074667', 22, 108, 10, 'patient2@test.com');
INSERT INTO qwerty.result (id, created_by, created_date, last_modified_by, last_modified_date, accuracy, time, node_num, user_id) VALUES (123, 'doctor1@test.com', '2019-02-06 14:11:15.656784', 'patient4@test.com', '2020-10-26 2:27:12.426461', 44, 86, 10, 'patient4@test.com');
INSERT INTO qwerty.result (id, created_by, created_date, last_modified_by, last_modified_date, accuracy, time, node_num, user_id) VALUES (124, 'doctor2@test.com', '1971-09-25 0:13:15.306691', 'patient1@test.com', '2003-11-23 21:08:58.605411', 12, 118, 10, 'patient1@test.com');
INSERT INTO qwerty.result (id, created_by, created_date, last_modified_by, last_modified_date, accuracy, time, node_num, user_id) VALUES (125, 'doctor3@test.com', '2019-05-25 5:19:14.159966', 'patient2@test.com', '2019-06-13 10:30:33.488091', 64, 66, 10, 'patient2@test.com');
INSERT INTO qwerty.result (id, created_by, created_date, last_modified_by, last_modified_date, accuracy, time, node_num, user_id) VALUES (126, 'doctor2@test.com', '1993-07-11 5:15:02.681626', 'patient5@test.com', '1999-12-04 11:01:49.739440', 39, 91, 10, 'patient5@test.com');
INSERT INTO qwerty.result (id, created_by, created_date, last_modified_by, last_modified_date, accuracy, time, node_num, user_id) VALUES (127, 'doctor2@test.com', '2007-11-13 2:24:00.023423', 'patient1@test.com', '2020-03-15 15:06:16.090975', 63, 67, 10, 'patient1@test.com');
INSERT INTO qwerty.result (id, created_by, created_date, last_modified_by, last_modified_date, accuracy, time, node_num, user_id) VALUES (128, 'doctor3@test.com', '2020-07-28 17:18:56.252815', 'patient3@test.com', '2020-10-17 17:04:06.968902', 25, 105, 10, 'patient3@test.com');
INSERT INTO qwerty.result (id, created_by, created_date, last_modified_by, last_modified_date, accuracy, time, node_num, user_id) VALUES (129, 'doctor2@test.com', '1982-12-02 14:06:06.964371', 'patient5@test.com', '1994-07-18 21:10:46.185672', 95, 35, 10, 'patient5@test.com');
INSERT INTO qwerty.result (id, created_by, created_date, last_modified_by, last_modified_date, accuracy, time, node_num, user_id) VALUES (130, 'doctor3@test.com', '1972-05-08 17:50:58.328617', 'patient4@test.com', '1995-10-31 9:42:10.491309', 85, 45, 10, 'patient4@test.com');
INSERT INTO qwerty.result (id, created_by, created_date, last_modified_by, last_modified_date, accuracy, time, node_num, user_id) VALUES (131, 'doctor3@test.com', '2007-05-07 18:37:12.372957', 'patient2@test.com', '2019-08-13 17:43:01.816104', 56, 74, 10, 'patient2@test.com');
INSERT INTO qwerty.result (id, created_by, created_date, last_modified_by, last_modified_date, accuracy, time, node_num, user_id) VALUES (132, 'doctor1@test.com', '2004-08-07 3:55:43.532874', 'patient4@test.com', '2006-05-25 20:09:31.813097', 94, 36, 10, 'patient4@test.com');
INSERT INTO qwerty.result (id, created_by, created_date, last_modified_by, last_modified_date, accuracy, time, node_num, user_id) VALUES (133, 'doctor2@test.com', '2001-12-09 16:52:52.212455', 'patient4@test.com', '2002-10-11 23:35:47.418776', 13, 117, 10, 'patient4@test.com');
INSERT INTO qwerty.result (id, created_by, created_date, last_modified_by, last_modified_date, accuracy, time, node_num, user_id) VALUES (134, 'doctor3@test.com', '2014-01-15 12:03:13.411449', 'patient5@test.com', '2015-04-08 23:34:11.421483', 60, 70, 10, 'patient5@test.com');
INSERT INTO qwerty.result (id, created_by, created_date, last_modified_by, last_modified_date, accuracy, time, node_num, user_id) VALUES (135, 'doctor1@test.com', '1985-10-19 8:15:06.557005', 'patient5@test.com', '2000-02-19 20:20:20.629492', 80, 50, 10, 'patient5@test.com');
INSERT INTO qwerty.result (id, created_by, created_date, last_modified_by, last_modified_date, accuracy, time, node_num, user_id) VALUES (136, 'doctor2@test.com', '2014-11-10 22:58:14.846718', 'patient4@test.com', '2018-05-11 0:08:13.268785', 44, 86, 10, 'patient4@test.com');
INSERT INTO qwerty.result (id, created_by, created_date, last_modified_by, last_modified_date, accuracy, time, node_num, user_id) VALUES (137, 'doctor3@test.com', '2005-04-18 4:55:53.926265', 'patient5@test.com', '2017-09-11 22:47:35.744541', 26, 104, 10, 'patient5@test.com');
INSERT INTO qwerty.result (id, created_by, created_date, last_modified_by, last_modified_date, accuracy, time, node_num, user_id) VALUES (138, 'doctor2@test.com', '2007-09-23 12:06:47.848386', 'patient3@test.com', '2010-06-05 11:38:17.529696', 82, 48, 10, 'patient3@test.com');
INSERT INTO qwerty.result (id, created_by, created_date, last_modified_by, last_modified_date, accuracy, time, node_num, user_id) VALUES (139, 'doctor2@test.com', '1970-02-09 14:57:49.488722', 'patient4@test.com', '1997-08-23 14:41:55.892957', 54, 76, 10, 'patient4@test.com');
INSERT INTO qwerty.result (id, created_by, created_date, last_modified_by, last_modified_date, accuracy, time, node_num, user_id) VALUES (140, 'doctor2@test.com', '1985-08-16 13:13:05.341305', 'patient5@test.com', '2008-04-03 4:20:19.737035', 13, 117, 10, 'patient5@test.com');
INSERT INTO qwerty.result (id, created_by, created_date, last_modified_by, last_modified_date, accuracy, time, node_num, user_id) VALUES (141, 'doctor1@test.com', '1972-03-17 16:09:17.008598', 'patient5@test.com', '2013-06-26 1:59:51.429506', 42, 88, 10, 'patient5@test.com');
INSERT INTO qwerty.result (id, created_by, created_date, last_modified_by, last_modified_date, accuracy, time, node_num, user_id) VALUES (142, 'doctor1@test.com', '1989-02-19 2:37:39.817398', 'patient4@test.com', '1997-02-23 14:59:42.900071', 11, 119, 10, 'patient4@test.com');
INSERT INTO qwerty.result (id, created_by, created_date, last_modified_by, last_modified_date, accuracy, time, node_num, user_id) VALUES (143, 'doctor2@test.com', '1981-05-25 12:39:25.666478', 'patient3@test.com', '1987-10-04 4:02:07.723354', 18, 112, 10, 'patient3@test.com');
INSERT INTO qwerty.result (id, created_by, created_date, last_modified_by, last_modified_date, accuracy, time, node_num, user_id) VALUES (144, 'doctor2@test.com', '2017-10-24 11:22:13.815624', 'patient3@test.com', '2018-12-01 0:34:02.027507', 68, 62, 10, 'patient3@test.com');
INSERT INTO qwerty.result (id, created_by, created_date, last_modified_by, last_modified_date, accuracy, time, node_num, user_id) VALUES (145, 'doctor2@test.com', '1982-10-18 6:04:58.784072', 'patient3@test.com', '1992-09-24 17:31:25.152740', 63, 67, 10, 'patient3@test.com');
INSERT INTO qwerty.result (id, created_by, created_date, last_modified_by, last_modified_date, accuracy, time, node_num, user_id) VALUES (146, 'doctor1@test.com', '1971-06-02 9:32:08.047894', 'patient5@test.com', '1982-08-24 0:50:52.170429', 65, 65, 10, 'patient5@test.com');
INSERT INTO qwerty.result (id, created_by, created_date, last_modified_by, last_modified_date, accuracy, time, node_num, user_id) VALUES (147, 'doctor1@test.com', '2016-02-25 19:58:25.959748', 'patient4@test.com', '2018-04-29 23:26:50.739883', 74, 56, 10, 'patient4@test.com');
INSERT INTO qwerty.result (id, created_by, created_date, last_modified_by, last_modified_date, accuracy, time, node_num, user_id) VALUES (148, 'doctor3@test.com', '1985-03-10 0:44:12.503912', 'patient5@test.com', '2004-01-29 16:11:51.582698', 67, 63, 10, 'patient5@test.com');
INSERT INTO qwerty.result (id, created_by, created_date, last_modified_by, last_modified_date, accuracy, time, node_num, user_id) VALUES (149, 'doctor2@test.com', '2020-03-08 23:13:46.845997', 'patient4@test.com', '2020-07-01 21:00:46.158702', 17, 113, 10, 'patient4@test.com');
INSERT INTO qwerty.result (id, created_by, created_date, last_modified_by, last_modified_date, accuracy, time, node_num, user_id) VALUES (150, 'doctor2@test.com', '1991-02-14 7:08:56.815216', 'patient1@test.com', '2018-10-01 3:47:49.118482', 19, 111, 10, 'patient1@test.com');
INSERT INTO qwerty.result (id, created_by, created_date, last_modified_by, last_modified_date, accuracy, time, node_num, user_id) VALUES (151, 'doctor3@test.com', '1970-07-30 20:24:45.503507', 'patient3@test.com', '1998-12-27 14:10:26.455119', 26, 104, 10, 'patient3@test.com');
INSERT INTO qwerty.result (id, created_by, created_date, last_modified_by, last_modified_date, accuracy, time, node_num, user_id) VALUES (152, 'doctor1@test.com', '1981-09-03 20:52:38.187372', 'patient5@test.com', '2014-06-08 18:43:13.492079', 68, 62, 10, 'patient5@test.com');
INSERT INTO qwerty.result (id, created_by, created_date, last_modified_by, last_modified_date, accuracy, time, node_num, user_id) VALUES (153, 'doctor3@test.com', '1995-09-21 2:22:35.791344', 'patient5@test.com', '2000-11-01 13:45:40.265541', 14, 116, 10, 'patient5@test.com');
INSERT INTO qwerty.result (id, created_by, created_date, last_modified_by, last_modified_date, accuracy, time, node_num, user_id) VALUES (154, 'doctor2@test.com', '2003-07-04 15:58:58.730443', 'patient5@test.com', '2005-05-10 7:06:20.678954', 34, 96, 10, 'patient5@test.com');
INSERT INTO qwerty.result (id, created_by, created_date, last_modified_by, last_modified_date, accuracy, time, node_num, user_id) VALUES (155, 'doctor2@test.com', '2011-08-28 21:35:32.202496', 'patient1@test.com', '2020-01-06 0:26:03.233787', 51, 79, 10, 'patient1@test.com');
INSERT INTO qwerty.result (id, created_by, created_date, last_modified_by, last_modified_date, accuracy, time, node_num, user_id) VALUES (156, 'doctor1@test.com', '1979-03-14 5:06:45.774407', 'patient3@test.com', '1993-06-15 16:11:12.918024', 82, 48, 10, 'patient3@test.com');
INSERT INTO qwerty.result (id, created_by, created_date, last_modified_by, last_modified_date, accuracy, time, node_num, user_id) VALUES (157, 'doctor2@test.com', '2016-10-04 18:25:50.982204', 'patient5@test.com', '2019-02-26 12:46:49.763869', 54, 76, 10, 'patient5@test.com');
INSERT INTO qwerty.result (id, created_by, created_date, last_modified_by, last_modified_date, accuracy, time, node_num, user_id) VALUES (158, 'doctor1@test.com', '1979-01-20 21:51:49.344495', 'patient1@test.com', '1986-03-19 5:06:40.452047', 20, 110, 10, 'patient1@test.com');
INSERT INTO qwerty.result (id, created_by, created_date, last_modified_by, last_modified_date, accuracy, time, node_num, user_id) VALUES (159, 'doctor2@test.com', '1987-05-17 8:10:00.644304', 'patient5@test.com', '1999-11-04 6:59:21.000832', 74, 56, 10, 'patient5@test.com');
INSERT INTO qwerty.result (id, created_by, created_date, last_modified_by, last_modified_date, accuracy, time, node_num, user_id) VALUES (160, 'doctor3@test.com', '2009-06-19 2:30:09.359828', 'patient4@test.com', '2015-12-16 0:56:21.505799', 27, 103, 10, 'patient4@test.com');

INSERT INTO qwerty.diagnosis (id, created_by, created_date, last_modified_by, last_modified_date, description, label, user_id, result_id) VALUES (1, 'doctor2@test.com', '2021-02-16 02:54:29.079000000', 'doctor2@test.com', '2021-02-16 02:54:29.079000000', 'Needs more stonks', 'High', 'doctor2@test.com', 1);
INSERT INTO qwerty.diagnosis (id, created_by, created_date, last_modified_by, last_modified_date, description, label, user_id, result_id) VALUES (2, 'doctor1@test.com', '2021-02-20 02:54:29.079000000', 'doctor1@test.com', '2021-02-16 02:54:29.079000000', 'Needs more memes', 'High', 'doctor1@test.com', 1);
INSERT INTO qwerty.diagnosis (id, created_by, created_date, last_modified_by, last_modified_date, description, label, user_id, result_id) VALUES (3, 'doctor2@test.com', '2021-03-16 02:54:29.079000000', 'doctor2@test.com', '2021-02-16 02:54:29.079000000', 'GG', 'High', 'doctor2@test.com', 1);
INSERT INTO qwerty.diagnosis (id, created_by, created_date, last_modified_by, last_modified_date, description, label, user_id, result_id) VALUES (4, 'doctor1@test.com', '2021-03-01 02:54:29.079000000', 'doctor1@test.com', '2021-02-16 02:54:29.079000000', 'GLHF', 'High', 'doctor1@test.com', 1);
INSERT INTO qwerty.diagnosis (id, created_by, created_date, last_modified_by, last_modified_date, description, label, user_id, result_id) VALUES (5, 'doctor2@test.com', '2021-01-01 02:54:29.079000000', 'doctor2@test.com', '2021-02-16 02:54:29.079000000', 'Apes together strong', 'High', 'doctor2@test.com', 1);
